sp|P00329|ADH1_MOUSE	{'num_iters': 20, 'burnin': 10, 'mask': True, 'in_order': False, 'num_positions_percent': 10, 'top_k': 1, 'seed_seq': 'MSTAGKVIKCKAAVLWELHKPFTIEDIEVAPPKAHEVRIKMVATGVCRSDDHVVSGTLVTPLPAVLGHEGAGIVESVGEGVTCVKPGDKVIPLFSPQCGECRICKHPESNFCSRSDLLMPRGTLREGTSRFSCKGKQIHNFISTSTFSQYTVVDDIAVAKIDGASPLDKVCLIGCGFSTGYGSAVKVAKVTPGSTCAVFGLGGVGLSVIIGCKAAGAARIIAVDINKDKFAKAKELGATECINPQDYSKPIQEVLQEMTDGGVDFSFEVIGRLDTMTSALLSCHAACGVSVVVGVPPNAQNLSMNPMLLLLGRTWKGAIFGGFKSKDSVPKLVADFMAKKFPLDPLITHVLPFEKINEAFDLLRSGKSIRTVLTF'}
sp|P00334|ADH_DROME	{'num_iters': 20, 'burnin': 10, 'mask': True, 'in_order': False, 'num_positions_percent': 10, 'top_k': 1, 'seed_seq': 'MSFTLTNKNVIFVAGLGGIGLDTSKELLKRDLKNLVILDRIENPAAIAELKAINPKVTVTFYPYDVTVPIAETTKLLKTIFAQLKTVDVLINGAGILDDHQIERTIAVNYTGLVNTTTAILDFWDKRKGGPGGIICNIGSVTGFNAIYQVPVYSGTKAAVVNFTSSLAKLAPITGVTAYTVNPGITRTTLVHKFNSWLDVEPQVAEKLLAHPTQPSLACAENFVKAIELNQNGAIWKLDLGTLEAIQWTKHWDSGI'}
sp|P06525|ADH1_ARATH	{'num_iters': 20, 'burnin': 10, 'mask': True, 'in_order': False, 'num_positions_percent': 10, 'top_k': 1, 'seed_seq': 'MSTTGQIIRCKAAVAWEAGKPLVIEEVEVAPPQKHEVRIKILFTSLCHTDVYFWEAKGQTPLFPRIFGHEAGGIVESVGEGVTDLQPGDHVLPIFTGECGECRHCHSEESNMCDLLRINTERGGMIHDGESRFSINGKPIYHFLGTSTFSEYTVVHSGQVAKINPDAPLDKVCIVSCGLSTGLGATLNVAKPKKGQSVAIFGLGAVGLGAAEGARIAGASRIIGVDFNSKRFDQAKEFGVTECVNPKDHDKPIQQVIAEMTDGGVDRSVECTGSVQAMIQAFECVHDGWGVAVLVGVPSKDDAFKTHPMNFLNERTLKGTFFGNYKPKTDIPGVVEKYMNKELELEKFITHTVPFSEINKAFDYMLKGESIRCIITMGA'}
sp|P06757|ADH1_RAT	{'num_iters': 20, 'burnin': 10, 'mask': True, 'in_order': False, 'num_positions_percent': 10, 'top_k': 1, 'seed_seq': 'MSTAGKVIKCKAAVLWEPHKPFTIEDIEVAPPKAHEVRIKMVATGVCRSDDHAVSGSLFTPLPAVLGHEGAGIVESIGEGVTCVKPGDKVIPLFSPQCGKCRICKHPESNLCCQTKNLTQPKGALLDGTSRFSCRGKPIHHFISTSTFSQYTVVDDIAVAKIDAAAPLDKVCLIGCGFSTGYGSAVQVAKVTPGSTCAVFGLGGVGLSVVIGCKTAGAAKIIAVDINKDKFAKAKELGATDCINPQDYTKPIQEVLQEMTDGGVDFSFEVIGRLDTMTSALLSCHSACGVSVIVGVPPSAQSLSVNPMSLLLGRTWKGAIFGGFKSKDAVPKLVADFMAKKFPLEPLITHVLPFEKINEAFDLLRAGKSIRTVLTF'}
sp|P12711|ADHX_RAT	{'num_iters': 20, 'burnin': 10, 'mask': True, 'in_order': False, 'num_positions_percent': 10, 'top_k': 1, 'seed_seq': 'MANQVIRCKAAVAWEAGKPLSIEEIEVAPPQAHEVRIKIIATAVCHTDAYTLSGADPEGCFPVILGHEGAGIVESVGEGVTKLKAGDTVIPLYIPQCGECKFCLNPKTNLCQKIRVTQGKGLMPDGTSRFTCKGKPILHFMGTSTFSEYTVVADISVAKIDPSAPLDKVCLLGCGISTGYGAAVNTAKVEPGSTCAVFGLGGVGLAVIMGCKVAGASRIIGIDINKDKFAKAKEFGATECINPQDFSKSIQEVLIEMTDGGVDFSFECIGNVKVMRSALEAAHKGWGVSVVVGVAASGEEISTRPFQLVTGRTWKGTAFGGWKSVESVPKLVSEYMSKKIKVDEFVTGNLSFDQINKAFDLMHSGNSIRTVLKM'}
sp|P28474|ADHX_MOUSE	{'num_iters': 20, 'burnin': 10, 'mask': True, 'in_order': False, 'num_positions_percent': 10, 'top_k': 1, 'seed_seq': 'MANQVIRCKAAVAWEAGKPLSIEEIEVAPPKAHEVRIKILATAVCHTDAYTLSGADPEGCFPVILGHEGAGIVESVGEGVTKLKAGDTVIPLYIPQCGECKFCLNPKTNLCQKIRVTQGKGLMPDGTSRFTCKGKSVFHFMGTSTFSEYTVVADISVAKIDPSAPLDKVCLLGCGISTGYGAAVNTAKVEPGSTCAVFGLGGVGLAVIMGCKVAGASRIIGIDINKDKFAKAKEFGASECISPQDFSKSIQEVLVEMTDGGVDYSFECIGNVKVMRSALEAAHKGWGVSVVVGVAASGEEISTRPFQLVTGRTWKGTAFGGWKSVESVPKLVSEYMSKKIKVDEFVTGNLSFDQINQAFDLMHSGDSIRTVLKM'}
sp|Q0KDL6|ADH_CUPNH	{'num_iters': 20, 'burnin': 10, 'mask': True, 'in_order': False, 'num_positions_percent': 10, 'top_k': 1, 'seed_seq': 'MTAMMKAAVFVEPGRIELADKPIPDIGPNDALVRITTTTICGTDVHILKGEYPVAKGLTVGHEPVGIIEKLGSAVTGYREGQRVIAGAICPNFNSYAAQDGVASQDGSYLMASGQCGCHGYKATAGWRFGNMIDGTQAEYVLVPDAQANLTPIPDGLTDEQVLMCPDIMSTGFKGAENANIRIGDTVAVFAQGPIGLCATAGARLCGATTIIAIDGNDHRLEIARKMGADVVLNFRNCDVVDEVMKLTGGRGVDASIEALGTQATFEQSLRVLKPGGTLSSLGVYSSDLTIPLSAFAAGLGDHKINTALCPGGKERMRRLINVIESGRVDLGALVTHQYRLDDIVAAYDLFANQRDGVLKIAIKPH'}
sp|Q64437|ADH7_MOUSE	{'num_iters': 20, 'burnin': 10, 'mask': True, 'in_order': False, 'num_positions_percent': 10, 'top_k': 1, 'seed_seq': 'MGTAGKVIKCKAAVLWGVNQPFSIEEIEVAPPKAKEVRVKILATGICRTDDHIIKGSMVSKFPVIVGHEAVGVVESVGEGVTTVRPGDKVIPLFLPQCRECNACLNPEGNLCIRSDLTGRGVLADGTTRFTCKGKPVQHFMNTSTFTEYTVLDESSVAKVDGAAPPEKACLIGCGFSTGYGAAVKTAKVTPGSTCVVFGLGGVGLSVIMGCKAAGASRIIGIDINKDKFQKALAVGATECISPKDSTKPISEVLSDMTGNTIQYTFEVIGRLETMVDALSSCHMNYGTSVVVGAPPSAKMLTYDPMLLFTGRTWKGCVFGGWKSRDDVPKLVTEFLEKKFDLDQLITHTLPFNNINEGFELLYSGKSIRTVLTF'}
sp|Q6WVP7|RADH_LENKE	{'num_iters': 20, 'burnin': 10, 'mask': True, 'in_order': False, 'num_positions_percent': 10, 'top_k': 1, 'seed_seq': 'MTDRLKGKVAIVTGGTLGIGLAIADKFVEEGAKVVITGRHADVGEKAAKSIGGTDVIRFVQHDASDEAGWTKLFDTTEEAFGPVTTVVNNAGIAVSKSVEDTTTEEWRKLLSVNLDGVFFGTRLGIQRMKNKGLGASIINMSSIEGFVGDPTLGAYNASKGAVRIMSKSAALDCALKDYDVRVNTVHPGYIKTPLVDDLEGAEEMMSQRTKTPMGHIGEPNDIAWICVYLASDESKFATGAEFVVDGGYTAQ'}
sp|Q8GAK7|ALDH_PAENI	{'num_iters': 20, 'burnin': 10, 'mask': True, 'in_order': False, 'num_positions_percent': 10, 'top_k': 1, 'seed_seq': 'MAIATIDPTTGITLKTFDAHTPEEVENRIARAEAAFRSLQNTSFEERARWMHKAADILESEADEVARLIATEMGKTLTTAKYEALKSATGMRHFADHAQRYLSPETPVPASEVNASNLHVQFDPLGVVLAVMPWNYPLWQAVRFAAPALMAGNTGLLKHASNVPQCALYLGDLFARGGFPEGAFQTLLVEGKDVIPLVDDARIRAVTLTGSVAAGSAIAEAAGRNIKRSVLELGGMDVFIVMPSADIEKAAAQAVIARLQNSGQSCIAAKRFYVHEDVYDRFEHLFVTGMAEAVAGDPLDESTSFGPLATERGRQDVHELVRDAREKGAAVQCGGEIPEGEGWYYPATVLTGVTEDMRIYREECFGPVACLYKVSSLQEAIALSNDSDFGLSSSVWTNDETEATEAARSIEAGGVFINGLTASFPAVPFGGLKDSGYGRELSAYGIREFVNIKTVWTS'}
sp|Q8GIX7|ADH_MORSE	{'num_iters': 20, 'burnin': 10, 'mask': True, 'in_order': False, 'num_positions_percent': 10, 'top_k': 1, 'seed_seq': 'MKAAVLHEFGQSLQIEEVDIPTPGAGEIVVKMQASGVCHTDLHAVEGDWPVKPSPPFIPGHEGVGLITAVGEGVTHVKEGDRVGVAWLYSACGHCTHCLGGWETLCESQQNSGYSVNGSFAEYVLANANYVGIIPESVDSIEIAPVLCAGVTVYKGLKMTDTKPGDWVVISGIGGLGHMAVQYAIAMGLNVAAVDIDDDKLAFAKKLGAKVTVNAKNTDPAEYLQKEIGGAHGALVTAVSAKAFDQALSMLRRGGTLVCNGLPPGDFPVSIFDTVLNGITIRGSIVGTRLDLQESLDMAAAGKVKATVTAEPLENINDIFERMRQGKIEGRIVIDYTM'}
sp|Q97YM2|ARADH_SACS2	{'num_iters': 20, 'burnin': 10, 'mask': True, 'in_order': False, 'num_positions_percent': 10, 'top_k': 1, 'seed_seq': 'MENVNMVKSKAALLKKFSEPLSIEDVNIPEPQGEEVLIRIGGAGVCRTDLRVWKGVEAKQGFRLPIILGHENAGTIVEVGELAKVKKGDNVVVYATWGDLTCRYCREGKFNICKNQIIPGQTTNGGFSEYMLVKSSRWLVKLNSLSPVEAAPLADAGTTSMGAIRQALPFISKFAEPVVIVNGIGGLAVYTIQILKALMKNITIVGISRSKKHRDFALELGADYVSEMKDAESLINKLTDGLGASIAIDLVGTEETTYNLGKLLAQEGAIILVGMEGKRVSLEAFDTAVWNKKLLGSNYGSLNDLEDVVRLSESGKIKPYIIKVPLDDINKAFTNLDEGRVDGRQVITP'}
tr|A0A0A9XJ13|A0A0A9XJ13_LYGHE	{'num_iters': 20, 'burnin': 10, 'mask': True, 'in_order': False, 'num_positions_percent': 10, 'top_k': 1, 'seed_seq': 'MSDLKGKSVLVIGGTSDVGAKVCEALGSEGVKLTICGTNKQQGEEFTASLVKKYSPNLQAAFSFNNPGDRASVDNAFKKAKSSFEYVHYVINCATIWDDGQNWATEVDINMRGTFLVSLLALEHLGTRKNINAEGATVLNVSSTLAFQPNYLMPIFGATKAAVLKFTRDMGTDFHFGLNKVKFVAICPALSRDDQTTFYNMAQTKMVLPYDELLNAWKKVQINNFQTAEHVGSEIVSLMKNNPKNGGVYMIDGGNAVAIEPPTATVDCKQYIS'}
sp|P00332|ADH_SCHPO	{'num_iters': 20, 'burnin': 10, 'mask': True, 'in_order': False, 'num_positions_percent': 10, 'top_k': 1, 'seed_seq': 'MTIPDKQLAAVFHTHGGPENVKFEEVPVAEPGQDEVLVNIKYTGVCHTDLHALQGDWPLPAKMPLIGGHEGAGVVVKVGAGVTRLKIGDRVGVKWMNSSCGNCEYCMKAEETICPHIQLSGYTVDGTFQHYCIANATHATIIPESVPLEVAAPIMCAGITCYRALKESKVGPGEWICIPGAGGGLGHLAVQYAKAMAMRVVAIDTGDDKAELVKSFGAEVFLDFKKEADMIEAVKAATNGGAHGTLVLSTSPKSYEQAAGFARPGSTMVTVSMPAGAKLGADIFWLTVKMLKICGSHVGNRIDSIEALEYVSRGLVKPYYKVQPFSTLPDVYRLMHENKIAGRIVLDLSK'}
sp|P0CH36|ADHC1_MYCS2	{'num_iters': 20, 'burnin': 10, 'mask': True, 'in_order': False, 'num_positions_percent': 10, 'top_k': 1, 'seed_seq': 'MSTVSAYAATSATEPLTKTTITRRAVGPHDVAFDIHFAGICHSDIHTVKAEWGVPNYPVVPGHEIAGVVTEVGSEVTKYKVGDRVGVGCFVDSCRECDNCKAGLEQYCTGTGMVGTYNAIDRDGTPTHGGYSGAIVVDENYVLRIPDSLPLDAAAPLLCAGITTYSPLRHWNAGPGKKVAVIGLGGLGHVAVKLAKAMGADVTVLSQSLKKMEDGLRLGASAYYATSDPETFDKLAGSFDLILNTVSANLDLGAYLGLLKLDGALVELGLPEHPMEVPAFPLLAQRRNLTGSMIGGIPETQEMLDFCAEHDVRPEIEIITPDYINEAYERVLASDVRYRFVIDTASLRS'}
sp|P0CH37|ADHC2_MYCS2	{'num_iters': 20, 'burnin': 10, 'mask': True, 'in_order': False, 'num_positions_percent': 10, 'top_k': 1, 'seed_seq': 'MSTVSAYAATSATEPLTKTTITRRAVGPHDVAFDIHFAGICHSDIHTVKAEWGVPNYPVVPGHEIAGVVTEVGSEVTKYKVGDRVGVGCFVDSCRECDNCKAGLEQYCTGTGMVGTYNAIDRDGTPTHGGYSGAIVVDENYVLRIPDSLPLDAAAPLLCAGITTYSPLRHWNAGPGKKVAVIGLGGLGHVAVKLAKAMGADVTVLSQSLKKMEDGLRLGASAYYATSDPETFDKLAGSFDLILNTVSANLDLGAYLGLLKLDGALVELGLPEHPMEVPAFPLLAQRRNLTGSMIGGIPETQEMLDFCAEHDVRPEIEIITPDYINEAYERVLASDVRYRFVIDTASLRS'}
sp|P10807|ADH_DROLE	{'num_iters': 20, 'burnin': 10, 'mask': True, 'in_order': False, 'num_positions_percent': 10, 'top_k': 1, 'seed_seq': 'MDLTNKNVIFVAALGGIGLDTSRELVKRNLKNFVILDRVENPTALAELKAINPKVNITFHTYDVTVPVAESKKLLKKIFDQLKTVDILINGAGILDDHQIERTIAINFTGLVNTTTAILDFWDKRKGGPGGIIANICSVTGFNAIHQVPVYSASKAAVVSFTNSLAKLAPITGVTAYSINPGITRTPLVHTFNSWLDVEPRVAELLLSHPTQTSEQCGQNFVKAIEANKNGAIWKLDLGTLEAIEWTKHWDSHI'}
sp|P25984|ADH_CLOBE	{'num_iters': 20, 'burnin': 10, 'mask': True, 'in_order': False, 'num_positions_percent': 10, 'top_k': 1, 'seed_seq': 'MKGFAMLGINKLGWIEKERPVAGSYDAIVRPLAVSPCTSDIHTVFEGALGDRKNMILGHEAVGEVVEVGSEVKDFKPGDRVIVPCTTPDWRSLEVQAGFQQHSNGMLAGWKFSNFKDGVFGEYFHVNDADMNLAILPKDMPLENAVMITDMMTTGFHGAELADIQMGSSVVVIGIGAVGLMGIAGAKLRGAGRIIGVGSRPICVEAAKFYGATDILNYKNGHIVDQVMKLTNGKGVDRVIMAGGGSETLSQAVSMVKPGGIISNINYHGSGDALLIPRVEWGCGMAHKTIKGGLCPGGRLRAEMLRDMVVYNRVDLSKLVTHVYHGFDHIEEALLLMKDKPKDLIKAVVIL'}
sp|P26719|ADH_DROYA	{'num_iters': 20, 'burnin': 10, 'mask': True, 'in_order': False, 'num_positions_percent': 10, 'top_k': 1, 'seed_seq': 'MAFTLTNKNVVFVAGLGGIGLDTSKELVKRDLKNLVILDRIENPAAIAELKAINPKVTVTFYPYDVTVPIAETTKLLKTIFAQLKTIDVLINGAGILDDHQIERTIAVNYTGLVNTTTAILDFWDKRKGGPGGIICNIGSVTGFNAIYQVPVYSGTKAAVVNFTSSLAKLAPITGVTAYTVNPGITRTTLVHKFNSWLDVEPQVAEKLLAHPTQPSLACAQNFVKAIELNQNGAIWKLDLGTLEAIQWSKHWDSGI'}
sp|P37473|ADH_DROPE	{'num_iters': 20, 'burnin': 10, 'mask': True, 'in_order': False, 'num_positions_percent': 10, 'top_k': 1, 'seed_seq': 'MSLTNKNVVFVAGLGGIGLDTSRELVKRNLKNLVILDRIDNPAAIAELKAINPKVTITFYPYDVTVPVAETTKLLKTIFAQVKTIDVLINGAGILDDHQIERTIAVNYTGLVNTTTAILDFWDKRKGGPGGIICNIGSVTGFNAIYQVPVYSGSKAAVVNFTSSLAKLAPITGVTAYTVNPGITRTTLVHKFNSWLDVEPRVAEKLLEHPTQTSQQCAENFVKAIELNKNGAIWKLDLGTLEPITWTQHWDSGI'}
sp|Q05114|ADH_DROWI	{'num_iters': 20, 'burnin': 10, 'mask': True, 'in_order': False, 'num_positions_percent': 10, 'top_k': 1, 'seed_seq': 'MALTNKNIIFVAGLGGIGLDTSRELVKRDLKNLVILDRIDNPAAIAELKAINPKVTVTFYPYDVTTPLTETTKLLKTIFAQLKTVDVLINGAGILDDHQIERTIAVNFTGLVNTTTAILDFWDKRKGGPGGVICNIGSVTGFNAIYQVPVYSASKAAVVSFTQSIAKLANVTGVTAFTVNPGITKTTLVHKFNSWLDVETRVAEKLLEHPTQTTLACAQNFVKAIELNKNGAIWKLDLGTLEPIEWTKHWDSGI'}
tr|Q1G151|Q1G151_BOMMO	{'num_iters': 20, 'burnin': 10, 'mask': True, 'in_order': False, 'num_positions_percent': 10, 'top_k': 1, 'seed_seq': 'MAPDFVKRFVDVDDKVFLVTGGAAGVGAGLVKALLFENARHVAFLDVADREGAALEAQLIIKFGALRVKFIKCDVGDERQLASAYKQVLDKYKRLDGVINSAAVLSVDDNSFNRMIDINFTGTVNSTLKALDIMGADKGGSGGVIVNISSLLALNLTSHLPVYAATKAAVLQFSIRMGTQEQFTRTKVRVLSVCLGPTDTAILYKNNLTKFDTEYAPCLSSRAPVRQRVESAVKGILEVINKASTGDTWIVESDKPAYDFTQNISEAFQILSKT'}
sp|Q44002|ADHA_KOMEU	{'num_iters': 20, 'burnin': 10, 'mask': True, 'in_order': False, 'num_positions_percent': 10, 'top_k': 1, 'seed_seq': 'MISAVFGKRRSLSRTLTAGTICAALISGYATMASADDGQGATGEAIIHADDHPGNWMTYGRTYSEQRYSPLDQINRSNVGNLKLAWYLDLDTNRGQEGTPLVIDGVMYATTNWSMMKAVDAATGKLLWSYDPRVPGNIADKGCCDTVNRGAAYWNGKVYFGTFDGRLIALDAKTGKLVWSVNTIPPEAELGKQRSYTVDGAPRIAKGRVIIGNGGSEFGARGFVTAFDAETGKVDWRFFTAPNPKNEPDHTASDSVLMNKAYQTWSPTGAWTRQGGGGTVWDSIVYDPVADLVYLGVGNGSPWNYKYRSEGKGDNLFLGSIVALKPETGEYVWHFQETPMDQWDFTSVQQIMTLDLPINGETRHVIVHAPKNGFFYIIDAKTGEFISGKNYVYVNWASGLDPKTGRPIYNPDALYTLTGKEWYGIPGDLGGHNFAAMAFSPKTGLVYIPAQQVPFLYTNQVGGFTPHPDSWNLGLDMNKVGIPDSPEAKQAFVKDLKGWIVAWDPQKQAEAWRVDHKGPWNGGILATGGDLLFQGLANGEFHAYDATNGSDLFHFAADSGIIAPPVTYLANGKQYVAVEVGWGGIYPFFLGGLARTSGWTVNHSRIIAFSLDGKSGPLPKQNDQGFLPVKPPAQFDSKRTDNGYFQFQTYCAACHGDNAEGAGVLPDLRWSGSIRHEDAFYNVVGRGALTAYGMDRFDGNMNPTEIEDIRQFLIKRANETYQREVDARKNADGIPEQLP'}
sp|Q9GN94|ADH_DROSE	{'num_iters': 20, 'burnin': 10, 'mask': True, 'in_order': False, 'num_positions_percent': 10, 'top_k': 1, 'seed_seq': 'MAFTLTNKNVIFVAGLGGIGLDTSKELLKRDLKNLVILDRIENPAAIAELKAINPKVTVTFYPYDVTVPIAETTKLLKTIFAKLKTVDVLINGAGILDDHQIERTIAVNYTGLVNTTTAILDFWDKRKGGPGGIICNIGSVTGFNAIYQVPVYSGTKAAVVNFTSSLAKLAPITGVTAYTVNPGITRTTLVHKFNSWLDVEPQVAEKLLAHPTQPSLACAENFVKAIELNQNGAIWKLDLGTLEAIQWTKHWDSGI'}
tr|A0A077HBL2|A0A077HBL2_DROSI	{'num_iters': 20, 'burnin': 10, 'mask': True, 'in_order': False, 'num_positions_percent': 10, 'top_k': 1, 'seed_seq': 'MAFTLTNKNVIFVAGLGGIGLDTSKELLKRDLKNLVILDRIENPAAIAELKAINPKVTVTFYPYDVTVPIAETTKLLKTIFAKLKTVDVLINGAGILDDHQIERTIAVNYTGLVNTTTAILDFWDKRKGGPGGIICNIGSVTGFNAIYQVPVYSGTKAAVVNFTSSLAKLAPITGVTAYTVNPGITRTTLVHKFNSWLDVEPQVAEKLLAHPTQPSLACAENFVKAIELNQNGAIWKL'}
tr|A0A077HFT4|A0A077HFT4_DROYA	{'num_iters': 20, 'burnin': 10, 'mask': True, 'in_order': False, 'num_positions_percent': 10, 'top_k': 1, 'seed_seq': 'MAFTLTNKNVVFVAGLGGIGLDTSKELVKRDLKNLVILDRIENPAAIAELKAINPKVTVTFYPYDVTVPIAETTKLLKTIFAQLKTIDVLINGAGILDDHQIERTIAVNYTGLVNTTTAILDFWDKRKGGPGGIICNIGSVTGFNAIYQVPVYSGTKAAVVNFTSSLAKLAPITGVTAYTVNPGITRTTLVHKFNSWLDVEPQVAEKLLAHPTQPSLACAQNFVKAIELNQNGAIWKL'}
tr|A0A0A7DS01|A0A0A7DS01_VIBCL	{'num_iters': 20, 'burnin': 10, 'mask': True, 'in_order': False, 'num_positions_percent': 10, 'top_k': 1, 'seed_seq': 'MKSRAAVAFGPGLPLEIVEIDVAPPKKGEVLVKISHTGVCHTDAYTLSGDDPEGLFPVVLGHEGAGVVVEVGEGVTSVKPGDHVIPLYTAECGECDFCTSGKTNLCVAVRETQGKGVMPDGTSRFSYNGQPLYHYMGCSTFSEYTVVAEVSLAKINPQANAEQVCLLGCGVTTGIGAVHNTAKVQEGDSVAVFGLGGIGLAVVQGARQAKAGRIFAIDTNPSKFELAKQFGATDCINPNDYDKPVQQVLVEMTKWGVDHTFECIGNVNVMRSALESAHRGWGQSVIIGVAGAGKEISTRPFQLVTGRVWKGTAFGGVKGRTQLPGMVEDAMSGKIELAPFVTHTMELDKINEAFDLMHDGKSIRTVIHY'}
tr|A0A0D4D939|A0A0D4D939_ECOLX	{'num_iters': 20, 'burnin': 10, 'mask': True, 'in_order': False, 'num_positions_percent': 10, 'top_k': 1, 'seed_seq': 'MISLRHRGTVMKSRAAVAFGPGLPLEIVEIDVAPPKKGEVLVKISHTGVCHTDAYTLSGDDPEGLFPVVLGHEGAGVVVEVGEGVTSVKPGDHVIPLYTAECGECDFCTSGKTNLCVAVRETQGKGVMPDGTSRFSYNGQPLYHYMGCSTFSEYTVVAEVSLAKINPQANAEQVCLLGCGVTTGIGAVHNTAKVQEGDSVAVFGLGGIGLAVVQGARQAKAGRIFAIDTNPSKFELAKQFGATDCINPNDYDKPVQQVLVEMTKWGVDHTFECIGNVNVMRSALESAHRGWGQSVIIGVAGAGKEISTRPFQLVTGRVWKGTAFGGVKGRTQLPGMVEDAMSGKIELAPFVTHTMELDKINEAFDLMHDGKSIRTVIHY'}
tr|A0A0F6MVZ7|A0A0F6MVZ7_9INSE	{'num_iters': 20, 'burnin': 10, 'mask': True, 'in_order': False, 'num_positions_percent': 10, 'top_k': 1, 'seed_seq': 'MSDTAGKVIVCKGAVAWEAKKPLVIEQIEVAPPKEGEVRLKVLATGVCHTDAYTLDGHDPEGKFPCVLGHEGGGVVESVGAGVTEFQPGDHVIPLYIPQCRECKFCKSPKTNLCGKIRATQGQGLMPDGTSRFSCKGKELFHFMGCSTFSEYTVVSVHSLCKVDSKAPLETVCLLGCGISTGYGAALNTAKVEPGSKCAIWGLGAVGLAAAMGCKEAGASTIIGVDVNPDKFETAKKFGCTDFVNPKDYDKPIQEVLVDKTDGGLDYTFECVGNVQTMRAALEACHKGWGTSVIIGVAAAGQEISTRPFQLVTGR'}
tr|A0A0J9R390|A0A0J9R390_DROSI	{'num_iters': 20, 'burnin': 10, 'mask': True, 'in_order': False, 'num_positions_percent': 10, 'top_k': 1, 'seed_seq': 'MAFTLTNKNVIFVAGLGGIGLDTSKELLKRDLKNLVILDRIENPAAIAELKAINPKVTVTFYPYDVTVPIAETTKLLKTIFAKLKTVDVLINGAGILDDHQIERTIAVNYTGLVNTTTAILDFWDKRKGGPGGIICNIGSVTGFNAIYQVPVYSGTKAAVVNFTSSLAKLAPITGVTAYTVNPGITRTTLVHKFNSWLDVEPQVAEKLLAHPTQPSLACAENFVKAIELNQNGAIWKLDLGTLEAIQWTKHWDSGI'}
tr|A0A0Q9WRA5|A0A0Q9WRA5_DROWI	{'num_iters': 20, 'burnin': 10, 'mask': True, 'in_order': False, 'num_positions_percent': 10, 'top_k': 1, 'seed_seq': 'MALTNKNIIFVAGLGGIGLDTSRELVKRDLKNLVILDRIDNPAAIAELKAINPKVTVTFYPYDVTTPLTETTKLLKTIFAQLKTVDVLINGAGILDDHQIERTIAVNFTGLVNTTTAILDFWDKRKGGPGGVICNIGSVTGFNAIYQVPVYSASKAAVVSFTQSIAKLANVTGVTAFTVNPGITKTTLVHKFNSWLDVETRVAEKLLEHPTQTTLACAQNFVKAIELNKNGAIWKLDLGTLEPIEWTKHWDSGI'}
tr|A0A146GGH1|A0A146GGH1_CHRMO	{'num_iters': 20, 'burnin': 10, 'mask': True, 'in_order': False, 'num_positions_percent': 10, 'top_k': 1, 'seed_seq': 'MASTQGKVITCKAAVAYEANKPLVIEDVEVAPPQAGEVRVQILYTALCHTDAYTWSGKDPEGLFPCILGHEAAGIVESVGEGVTEVKAGDHVIPCYQAECKECKFCKSGKTNLCGKIRGATGVGVMMNDRKSRFSVRGTPIYHFMGTSTFSQYTVVHDVSVAKIDPQAPLEKVCLLGCGVPTGLGAVWNTAKVEAGSNVAIFGLGTVGLAVAEGAKAAGASRIIGIDIDTRKFERAKNFGVTEFVNPKDHEQPIQQVLVDMTDGGVDYSFECIGNVSIMRAALECCHKGWGTSVIVGVAASGQEIATRPFQLVTGRVWKGTAFGGFKSRTQVPQLVDKYMNKEIKIDEYITHNLTLEEINKAFDLLHGGDCLRCVLKV'}
tr|A0A1I9ZKN5|A0A1I9ZKN5_DROYA	{'num_iters': 20, 'burnin': 10, 'mask': True, 'in_order': False, 'num_positions_percent': 10, 'top_k': 1, 'seed_seq': 'MAFTLTNKNVVFVAGLGGIGLDTSKELVKRDLKNLVILDRIENPAAIAELKAINPKVTVTFYAYDVTVPIAETTKLLKTIFAQLKTIDVLINGAGILDDHQIERTIAVNYTGLVNTTTAILDFWDKRKGGPGGIICNIGSVTGFNAIYQVPVYSGTKAAVVNFTSSLAKLAPITGVTAYTVNPGITRTTLVHKFNSWLDVEPQVAEKLLAHPTQPSLACAQNFVKAIELNQNGAIWKLDLGTLEAIQWSKHWDSGI'}
tr|A0A1I9ZKQ3|A0A1I9ZKQ3_DROYA	{'num_iters': 20, 'burnin': 10, 'mask': True, 'in_order': False, 'num_positions_percent': 10, 'top_k': 1, 'seed_seq': 'MAFTLTNKNVVFVAGLGGIGLDTSKELVKRDLKNLVILDRIENPAAIAELKAINPKVTVTFYPYDVTVPIAETTKLLKTIFAQLKTIDVLINGAGILDDHQIERTIAVNYTGLVNTTTAILDFWDKRKGGPGGIICNIGSVTGFNAIYQVPVYSGTKAAVVNFTSSLAKLAPITGVTAYTVNPGITRTTLVHKFNSWLDVEPQVAEKLLAHPTQPSLACAQNFVKAIELNQNGAIWKLDLGTLEAIQWSKHWDSGI'}
tr|A0A4D5XLL9|A0A4D5XLL9_9ENTR	{'num_iters': 20, 'burnin': 10, 'mask': True, 'in_order': False, 'num_positions_percent': 10, 'top_k': 1, 'seed_seq': 'MKSRAAVAFAPGKPLEIVEIDVAPPKKGEVLIKNTHTGVCHTDAFTLSGNDPEGVFPVVLGHEGAGVVVEVGEGVTSVKPGDHVIPLYTAECGECEFCQSGKTNLCVSVRETQGKGLMPDGTTRFSYNGQPLYHYMGCSTFSEYTVVAEVSLAKINPEANHEHVCLLGCGVTTGIGAVHNTAKVQPGDSVAIFGLGAIGLAAVQGARQAKAGRIIAIDTNPAKFELARQFGATDCINPNDHDKPIKDVLLEINKWGIDHTFECIGNVNVMRAALESAHRGWGQSIVIGVAGAGQEISTRPFQLVTGRVWKGSAFGGVKGRTQLPAMVEDAMKGEIELEPFVTHTMTLDEINEAFDLMHEGKSIRTVIRY'}
sp|A1B4L2|ALDH_PARDP	{'num_iters': 20, 'burnin': 10, 'mask': True, 'in_order': False, 'num_positions_percent': 10, 'top_k': 1, 'seed_seq': 'MPNDQTHPFRGVNALPFEERYDNFIGGEWVAPVSGRYFTNTTPITGAEIGQIARSEAGDIELALDAAHAAKEKWGATSPAERANIMLKIADRMERNLELLATAETWDNGKPIRETMAADLPLAIDHFRYFAGVLRAQEGSISQIDDDTVAYHFHEPLGVVGQIIPWNFPLLMACWKLAPAIAAGNCVVLKPAEQTPAGIMVWANLIGDLLPPGVLNIVNGFGLEAGKPLASSNRIAKIAFTGETTTGRLIMQYASENLIPVTLELGGKSPNIFFADVAREDDDFFDKALEGFTMFALNQGEVCTCPSRVLIQESIYDKFMERAVQRVQAIKQGDPRESDTMIGAQASSEQKEKILSYLDIGKKEGAEVLTGGKAADLGGELSGGYYIEPTIFRGNNKMRIFQEEIFGPVVSVTTFKDQAEALEIANDTLYGLGAGVWSRDANTCYRMGRGIKAGRVWTNCYHAYPAHAAFGGYKQSGIGRETHKMMLDHYQQTKNMLVSYSPKKLGFF'}
tr|A8XS15|A8XS15_CAEBR	{'num_iters': 20, 'burnin': 10, 'mask': True, 'in_order': False, 'num_positions_percent': 10, 'top_k': 1, 'seed_seq': 'MSSTAGQVINCKAAVAWSAKSPLSIETIQVAPPKAHEIRVKILYTAVCHTDAYTLDGHDPEGLFPVVLGHEGSGIVESVGEGVTGFAVGDHVVPLYVPQCKECEYCKNPKTNLCQKIRVSQGNGFMPDGTSRFTCNGKQLFHFMGCSTFSEYTVVADISLCKVNPEAPLEKVSLLGCGISTGYGAVLNTCKVEDGSTVAVWGLGAVGLAVIMGAKAAGAKRIIGIDLIESKFESAKFFGATECINPKSVQLPEGKSFQAWLVDSFDGGFDYTFECIGNVHTMRQALEAAHKGWGVSCIIGVAGAGQEIATRPFQLVTGRTWKGTAFGGWKSVDSVPRLVDDYMNKKLLIDEFITHRYHIDEINTAFDVLHKGESLRSVLAFEKK'}
tr|B0RNM4|B0RNM4_XANCB	{'num_iters': 20, 'burnin': 10, 'mask': True, 'in_order': False, 'num_positions_percent': 10, 'top_k': 1, 'seed_seq': 'MKTRAAVAWGPHQPLSIEEVDLQPPRPGEVLVRLVATGICHGDAHALAHAPASSFPAILGQEGSGVVEEVGIGVTSVRVGDHVIPLYMPECGVCKFCRSGRTNLCQAIRSSQERGLMPDGSSRFSLDGRPILHHMGTSTFSEYTVLPEIAVARIHPDAPLDQVCLLGCTVTTGVGAVLNSIHVRPGDCVAVFGLGGIGLSVIQGAVLAQAGRIIVVDIAPGKFALARALGATDCLDPRDYGAPIQQVIVDLTDGGADHSFECIGDVGAMRAALECCHKGWGESVILGVADGAQEISTRPFQLVTGRVWRGSAFGGVKGRSELPGYVERYLRGDLQLAPLITRTLALDDINQALADLRAARGIKSIVLY'}
sp|B4M8Y0|ADH_DROVI	{'num_iters': 20, 'burnin': 10, 'mask': True, 'in_order': False, 'num_positions_percent': 10, 'top_k': 1, 'seed_seq': 'MAIANKNIIFVAGLGGIGLDTSREIVKSGPKNLVILDRIENPTAIAELKAINPKVTVTFYPYDVTVPVAETTKLLKTIFAKLKTVDLLINGAGILDDHQIERTIAVNFTGTVNTTTAIMEFWDKRKGGPGGVIANICSVTGFNAIYQVPVYSASKAAALSFTNSLARLAPITGVTAYSINPGITRTPLVHKFNSWLDVEPRVGELLLEHPTQTTLECAQNFVKAIEANQNGAIWQLDLGRLISVEWTKHWDSHI'}
tr|B5AXM6|B5AXM6_DROAN	{'num_iters': 20, 'burnin': 10, 'mask': True, 'in_order': False, 'num_positions_percent': 10, 'top_k': 1, 'seed_seq': 'MALSLTNKNVVFVAGLGGIGLDTTKELLKRDLKNLVILDRIDNPTVIAELKTINPKVTVTFIPYDVTVPITETKKLLKTIFDKLKTVDILINGAGILDDHQIERTIAVNYTGLVNTTTAILDFWDKRKGGPGGIICNIGSVTGFNAIYQVPVYSGTKAAVVNFTSSLAKLAPITGVTAYTVNPGITRTTLVHKFNSWLDVEPQVAEKLLAHPTQSSQACGENFVKAIELNQNGAIWKLDRGTLEAIQ'}
tr|B5AXM7|B5AXM7_DROAN	{'num_iters': 20, 'burnin': 10, 'mask': True, 'in_order': False, 'num_positions_percent': 10, 'top_k': 1, 'seed_seq': 'MALSLTNKNVVFVAGLGGIGLDTTKELLKRDLKNLVILDRIDNPDVIAELKTINPKVTVTFIPYDVSVPITETKKLLKTIFDKLKTVDILINGAGILDDHQIERTIAVNYTGLVNTTTAILDFWDKRKGGPGGIICNIGSVTGFNAIYQVPVYSGTKAAVVNFTSSLAKLAPITGVTAYTVNPGITRTTLVHKFNSWLDVEPQVAEKLLAHPTQSSQACGENFVKAIELNQNGAIWKLDRGTLEAIQ'}
tr|B5AXM8|B5AXM8_DROAN	{'num_iters': 20, 'burnin': 10, 'mask': True, 'in_order': False, 'num_positions_percent': 10, 'top_k': 1, 'seed_seq': 'MALSLTNKNVVFVAGLGGIGLDTTKELLKRDLKNLVILDRIDNPTLIAELKTINPKVTVTFIPYDVTVPITETKKLLKTIFDKLKTVDILINGAGILDDHQIERTIAVNYTGLVNTTTAILDFWDKRKGGPGGIICNIGSVTGFNAIYQVPVYSGTKAAVVNFTSSLAKLAPITGVTAYTVNPGITRTTLVHKFNSWLDVEPQVAEKLLAHPTQSSQACGENFVKAIELNQNGAIWKLDRGTLEAIQCSKHCDSG'}
tr|B5AXM9|B5AXM9_DROAN	{'num_iters': 20, 'burnin': 10, 'mask': True, 'in_order': False, 'num_positions_percent': 10, 'top_k': 1, 'seed_seq': 'MALSLTNKNVVFVAGLGGIGLDTTKELLKRDLKNLVILDRIDNPDVIAELKTINPKVTVTFIPYDVTVPITETKKLLKTIFDKLKTVDILINGAGILDDHQIERTIAVNYTGLVNTTTAILDFWDKRKGGPGGIICNIGSVTGFNAIYQVPVYSGTKAAVVNFTSSLAKLAPITGVTAYTVNPGINRTNLVHKFNSWLDVEPQVAEKLLAHPTQSSQACGENFVKAIELNQNGAIWKLDR'}
tr|B5AXN0|B5AXN0_DROAN	{'num_iters': 20, 'burnin': 10, 'mask': True, 'in_order': False, 'num_positions_percent': 10, 'top_k': 1, 'seed_seq': 'MALSLTNKNVVFVAGLGGIGLDTTKELLKRDLKNLVILDRIDNPAVIAELKTINPKVTVTFIPYDVTVPITETKKLLKTIFDKLKTVDILINGAGILDDHQIERTIAVNYTGLVNTTTAILDFWDKRKGGPGGIICNIGSVTGFNAIYQVPVYSGTKAAVVNFTSSLAKLAPITGVTAYTVNPGITRTTLVHKFNSWLDVEPQVAEKLLAHPTQSSQACGENFVKAIELNQNGAIWKLDRGTLEAIQ'}
tr|B5AXN1|B5AXN1_DROAN	{'num_iters': 20, 'burnin': 10, 'mask': True, 'in_order': False, 'num_positions_percent': 10, 'top_k': 1, 'seed_seq': 'MALSLTNKNVVFVAGLGGIGLDTTKELLKRDLKNLVILDRIDNPAVIAELKTINPKVTVTFIPYDVTVPITETKKLLKTIFDKLKTVDILINGAGILDDHQIERTIAVNYTGLVNTTTAILDFWDKRKGGPGGIICNIGSVTGFNAIYQVPVYSGTKAAVVNFTSSLAKLAPITGVTAYTVNPGITRTTLVHKFNSWLDVEPQVAEKLLAHPTQSSQACGENFVKAIELNQNGAIWKLDRGTLEAIQWSKHWDSGI'}
tr|B5AXN2|B5AXN2_DROAN	{'num_iters': 20, 'burnin': 10, 'mask': True, 'in_order': False, 'num_positions_percent': 10, 'top_k': 1, 'seed_seq': 'MALSLTNKNVVFVAGLGGIGLDTTKELLKRDLKNLVILDRIDNPTVIAELKTINPKVTVTFIPYDVTVPITETKKLLKTIFDKLKTVDILINGAGILDDHQIERTIAVNYTGLVNTTTAILDFWDKRKGGPGGIICNIGSVTGFNAIYQVPVYSGTKAAVVNFTSSLAKLAPITGVTAYTVNPGITRTTLVHKFNSWLDVEPQVAEKLLAHPTQSSQACGENFVKAIELNQNGAIWKLDRGTLEAIQWSKHWDSGI'}
tr|B5AXN4|B5AXN4_DROAN	{'num_iters': 20, 'burnin': 10, 'mask': True, 'in_order': False, 'num_positions_percent': 10, 'top_k': 1, 'seed_seq': 'MALSLTNKNVVFVAGLGGIGLDTTKELLKRDLKNLVILDRIDNPDVIAELKTINPKVTVTFIPYDVTVPITETKKLLKTIFDKLKTVDILINGAGILDDHQIERTIAVNYTGLVNTTTAILDFWDKRKGGPGGIICNIGSVTGFNAIYQVPVYSGTKAAVVNFTSSLAKLAPITGVTAYTVNPGITRTTLVHKFNSWLDVEPQVAEKLLAHPTQSSQACGENFVKAIELNQNGAIWKLDRGTLEAIQWSKHWDSGI'}
tr|B5AXN5|B5AXN5_DROAN	{'num_iters': 20, 'burnin': 10, 'mask': True, 'in_order': False, 'num_positions_percent': 10, 'top_k': 1, 'seed_seq': 'LTNKNVVFVAGLGGIGLDTTKELLKRDLKNLVILDRIDNPTVIAELKTINPKVTVTFIPYDVTVPITETKKLLKTIFDKLKTVDILINGAGILDDHQIERTIAVNYTGLVNTTTAILDFWDKRKGGPGGIICNIGSVTGFNAIYQVPVYSGTKAAVVNFTSSLAKLAPITGVTAYTVNPGINRTTLVHKFNSWLDVEPQVAEKLLAHPTQSSQACGENFVKAIELNQNGAIWKLDRGTLEAIQWSKHWDSGI'}
tr|C7FGZ3|C7FGZ3_DROSI	{'num_iters': 20, 'burnin': 10, 'mask': True, 'in_order': False, 'num_positions_percent': 10, 'top_k': 1, 'seed_seq': 'NLVILDRIENPAAIAELKAINPKVTVTFYPYDVTVPIAETTKLLKTIFAKLKTVDVLINGAGILDDHQIERTIAVNYTGLVNTTTAILDFWDKRKGGPGGIICNIGSVTGFNAIYQVPVYSGTKAAVVNFTSSLAV'}
tr|D4Z832|D4Z832_SPHIU	{'num_iters': 20, 'burnin': 10, 'mask': True, 'in_order': False, 'num_positions_percent': 10, 'top_k': 1, 'seed_seq': 'MKTRAAVAFEAKKPLEIVEVDLEGPKAGEVLVEIMATGICHTDAYTLDGFDSEGIFPSILGHEGAGIVREVGAGVTSVKPGDHVIPLYTPECRQCKSCLSGKTNLCTAIRATQGKGLMPDGTTRFSYKGQPIFHYMGCSTFSNFTVLPEIAVAKIREDAPFQSSCYVGCGVTTGVGAVVNTAKVQAGENVVVFGLGGIGLNVIQGAKMVGADKIVGIDINPDREEWGRRFGMTHFINSRGLSREETVARILEVTDGGADYSFDATGNTEVMRTALECCHRGWGESIIIGVAEAGKEISTRPFQLVTGRVWKGTAFGGAKGRTDVPRIVDWYMNGKIEIDPMITHVLTLEEINKGFDLMHAGESIRSVVLF'}
tr|G3E698|G3E698_9MUSC	{'num_iters': 20, 'burnin': 10, 'mask': True, 'in_order': False, 'num_positions_percent': 10, 'top_k': 1, 'seed_seq': 'LKAINPKVTITFYPYDVTVPVAETTKLLKTIFAQVKTIDVLINGAGILDDHQIERTIAVNYTGLVNTTTAILDFWDKRKGGPGGIICNIGSVTGFN'}
tr|H7CHV8|H7CHV8_9MUSC	{'num_iters': 20, 'burnin': 10, 'mask': True, 'in_order': False, 'num_positions_percent': 10, 'top_k': 1, 'seed_seq': 'NLVILDRIDNPAAIAELKAINPKVTITFYPYDVTVPVAETTKLLKTIFAQVKTIDVLINGAGILDDHQIERTIAVNYTGLVNTTTAILDFWDKRKGGPGGIICNIGSVTGFNAIYQVPVYSGSKAAVVNFTSSLA'}
tr|O24599|O24599_ARAHG	{'num_iters': 20, 'burnin': 10, 'mask': True, 'in_order': False, 'num_positions_percent': 10, 'top_k': 1, 'seed_seq': 'MSTTGQIIRCKAAVAWEAGKPLVMEEVEVAPPQKHEVRIKILFTSLCHTDVYFWEAKGQTPLFPRIFGHEAGGIVESVGEGVTDLQPGDHVLPIFTGECGDCPHCHSEESNMCDLLRINTERGGMIHDGESRFSINGKPIHHFLGTSTFSEYTVVHSGQVAKINPDAPLDKVCIVSCGLSTGLGATLNVAKPKKGQSVAIFGLGAVGLAAAEGARIAGASRIIGVDLNSQRFDQAKEFGVTEFVNPRDHDKPVQQVIAEMTNGGVDRSVECTGSVQAMIQAFECVHDGWGVAVLVGVPSKDDAFKTHPMNFLNERTLKGTFFGNYKPKTDIPGVVEKYMNKELELEKFITHTVPFSEINKAFDYMLKGESIRCIITMGA'}
sp|P07159|ADH_DROOR	{'num_iters': 20, 'burnin': 10, 'mask': True, 'in_order': False, 'num_positions_percent': 10, 'top_k': 1, 'seed_seq': 'MAFTLTNKNVIFVAGLGGIGLDTSKELVKRDLKNLVILDRIENPAAIAELKAINPKVTVTFYPYDVTVPIAETTKLLKTIFAKLTTVDVLINGAGILDDYQIERTIAVNYTGLVNTTTAILDFWDKRKGGPGGIICNIGSVTGFNAIYQVPVYSGTKAAVVNFTSSLAKLAPITGVTAYTVNPGITRTTLVHKFNSWLDVEPQVAEKLLAHPIQSSLACAENFVKAIELNENGAIWKLDLGTLEAIKWSKHWDSGI'}
sp|P07162|ADH_DROMA	{'num_iters': 20, 'burnin': 10, 'mask': True, 'in_order': False, 'num_positions_percent': 10, 'top_k': 1, 'seed_seq': 'MAFTLTNKNVIFVAGLGGIGLDTSKELVKRDLKNLVILDRIENPAAIAELQAINPKVTVTFYPYDVTVPIAETTKLLKTIFAKLKTVDVLINGAGILDDHQIERTIAVNYTGLVNTTTAILDFWDKRKGGPGGIICNIGSVTGFNAIYQVPVYSGTKAAVVNFTSSLAKLAPITGVTAYTVNPGITRTTLVHKFNSWLDVEPQVAEKLLAHPTQPSLACAENFVKAIELNQNGAIWKLDLSTLEAIQWTKHWDSGI'}
sp|P14940|ADH_CUPNE	{'num_iters': 20, 'burnin': 10, 'mask': True, 'in_order': False, 'num_positions_percent': 10, 'top_k': 1, 'seed_seq': 'MTAMMKAAVFVEPGRIELADKPIPDIGPNDALVRITTTTICGTDVHILKGEYPVAKGLTVGHEPVGIIEKLGSAVTGYREGQRVIAGAICPNFNSYAAQDGVASQDGSYLMASGQCGCHGYKATAGWRFGNMIDGTQAEYVLVPDAQANLTPIPDGLTDEQVLMCPDIMSTGFKGAENANIRIGHTVAVFAQGPIGLCATAGARLCGATTIIAIDGNDHRLEIARKMGADVVLNFRNCDVVDEVMKLTGGRGVDASIEALGTQATFEQSLRVLKPGGTLSSLGVYSSDLTIPLSAFAAGLGDHKINTALCPGGKERMRRLINVIESGRVDLGALVTHQYRLDDIVAAYDLFANQRDGVLKIAIKPH'}
sp|P14941|ADH_THEBR	{'num_iters': 20, 'burnin': 10, 'mask': True, 'in_order': False, 'num_positions_percent': 10, 'top_k': 1, 'seed_seq': 'MKGFAMLSIGKVGWIEKEKPAPGPFDAIVRPLAVAPCTSDIHTVFEGAIGERHNMILGHEAVGEVVEVGSEVKDFKPGDRVVVPAITPDWRTSEVQRGYHQHSGGMLAGWKFSNVKDGVFGEFFHVNDADMNLAHLPKEIPLEAAVMIPDMMTTGFHGAELADIELGATVAVLGIGPVGLMAVAGAKLRGAGRIIAVGSRPVCVDAAKYYGATDIVNYKDGPIESQIMNLTEGKGVDAAIIAGGNADIMATAVKIVKPGGTIANVNYFGEGEVLPVPRLEWGCGMAHKTIKGGLCPGGRLRMERLIDLVFYKRVDPSKLVTHVFRGFDNIEKAFMLMKDKPKDLIKPVVILA'}
sp|P17648|ADH_FRAAN	{'num_iters': 20, 'burnin': 10, 'mask': True, 'in_order': False, 'num_positions_percent': 10, 'top_k': 1, 'seed_seq': 'MSSTEGKVICCRAAVAWEAGKPLVIEEVEVAPPQANVVRVKILYTSLCHTDVYFWEAKGQNPLFPRIYGHEAGGIVESVGEGVTDLKAGDHVLPVFTGECKECDHCKSEESNMCDLLRINTDRGVMLNDGKSRFSIKGKPIYHFVGTSTFSVYTVTHVGCLAKINPQSPLDKVCILSCGISTGLGATLNVRKPKKGSTVAVFGLGAVGLAAAEGARMAGASRIIGVDLNSNRFEEAKKFGITEFVNPKDHKKPVQEVIAELTNGGVDRSIECTGNIQAMIPAFECVHDGWGVAVLVGVPHKDAVFTTHPMNFLNERTLKGTFFGNYKPRTDIPSVVEKYMNKELEVDKFITHQLPFSQINKAFDYMLKGEGIRCIITMEE'}
sp|P21518|ADH_DROAF	{'num_iters': 20, 'burnin': 10, 'mask': True, 'in_order': False, 'num_positions_percent': 10, 'top_k': 1, 'seed_seq': 'MVIANSNVIFVAGLGGIGLDTSREIVKSGPKNLVVLDRVDNPAAIAELKALNPKVTVTFYPYDVTVPLAETKKLLKTIFDKLKTVDLLINGAGILDDNQIERTIAVNFTGTVNTTTAIMDFWDKRKGGPGGVVANICSVTGFNSIYQVPVYSASKAAALSFTTSIAKLAHITGVTAYSINPGITKTVLVHKFNSWLSVEPRVAELLLEHPTQTTLQCAQNFVKAIEANQNGAIWKLDLGRLDAIEWTKHWDSGI'}
sp|P21898|ADH_DROHE	{'num_iters': 20, 'burnin': 10, 'mask': True, 'in_order': False, 'num_positions_percent': 10, 'top_k': 1, 'seed_seq': 'MVIANSNIIFVAGLGGIGLDTSREIVKSGPKNLVVLDRIDNPAAIAELKALNPKVTITFYPYDVTVPLAETKKLLKTIFDKLKTVDLLINGAGILDDTQIERTIAVNFTGTVNTTTAIMDFWDKRKGGPGGVVANICSVTGFNSIYQVPVYSASKAAALSFTTSLAKLAHITGVTVYSINPGITKTVLVHKFNSWLNVEPRVAELLLEHPTQTTLQCAQNFVKAIEANQNGAIWKLDLGRLDAIEWTKHWDSGI'}
sp|P22245|ADH_DRODI	{'num_iters': 20, 'burnin': 10, 'mask': True, 'in_order': False, 'num_positions_percent': 10, 'top_k': 1, 'seed_seq': 'MVIANSNIIFVAGLGGIGLDTSREIVKSGPKNLVVLDRVDNPAAIAELKALNPKVTVTFYPYDVTVPVAETKKLLKTIFDELKTVDLLINGAGILDDNQIERTIAVNFTGTVNTTTAIMDFWDKRKGGPGGVIANICSVTGFNSIYQVPVYSASKAAALSFTTSLAKLAHITGVTAYSINPGITKTVLVHKFNSWLSVEPRVAELLLEHPTQTTLQCAQNFVKAIEANQNGAIWKLDLGRLDAIEWTKHWDSGI'}
sp|P23277|ADH_DROPL	{'num_iters': 20, 'burnin': 10, 'mask': True, 'in_order': False, 'num_positions_percent': 10, 'top_k': 1, 'seed_seq': 'MVIANSNIIFVAGLGGIGLDTSREIVKSGPKNLVVLDRVDNPAAIAELKALNPKVTVTFYPYDVTVPVAETKKLLKTIFDKLKTVDLLINGAGILDDNQIERTIAVNFTGTVNTTTAIMDFWDKRKGGPGGVIANICSVTGFNSIYQVPVYSASKAAALSFTTSLAKLAHITGVTAYSINPGITKTVLVHKFNSWLSVEPRVAELLLEHPTQTTLQCAQNFVKAIEANQNGAIWKLDLGRLDAIEWTKHWDSGI'}
sp|P23278|ADH_DROSL	{'num_iters': 20, 'burnin': 10, 'mask': True, 'in_order': False, 'num_positions_percent': 10, 'top_k': 1, 'seed_seq': 'MVIANSNIIFVAGLGGIGLDTSREIVKSGPKNLVVLDRIDNPAAIAELKALNPKVTITFYPYDVTVPLAETKKLLKTIFDKLKTVDLLINGAGILDDTQIERTIAVNFTGTVNTTTAIMDFWDKRNGGPGGVIANICSVTGFNSIYQVPVYSASKAAALSFTTSLAKLAHITGVTVYSINPGITKTVLVHKFNSWLNVEPRVAELLLEHPTQTTLQCAQNFVKAIEANQNGAIWKLDLGRLDAIEWTKHWDSGI'}
sp|P23361|ADH_DROPI	{'num_iters': 20, 'burnin': 10, 'mask': True, 'in_order': False, 'num_positions_percent': 10, 'top_k': 1, 'seed_seq': 'MVIANSNIIFVAGLGGIGLDTSREIVKSGPKNLVLLDRIDNPAAIAELKALNPKVTITFYPYDVTVPVDETKKLLKTIFDKLKTVDLLINGAGILDDHQIERTIAVNFAGTVNTTTAILDFWDKRKGGPGGVVANICSVTGFNSIYQVPVYSASKAAALSFTMSIAKLAHITGVTAYSINPGITKTILVHKFNSWLNVEPRVAELLLEHPTQTTLQCAQNFVKAIEANQNGAIWKLDLGRLDAIEWTKHWDSGI'}
sp|P25139|ADH_DROAM	{'num_iters': 20, 'burnin': 10, 'mask': True, 'in_order': False, 'num_positions_percent': 10, 'top_k': 1, 'seed_seq': 'MSLTNKNVIFVAGLGGIGLDTSRELVKRDLKNLVILDRIDNPAAIAELKAINPKVTVTFYPYDVTVPISETTKLLKTIFAQLKTVDVLINGAGILDDYQIERTIAVNYTGLVNTTTAILDFWDKRKGGPGGIICNIGSVTGFNAIYQVPVYSGSKAAVVNFTSSLAKLAPITGVTAYTVNPGITKTTLVHKFNSWLDVEPNVAEKLLEHPTQTSQQCAENFVKAIELNKNGAIWNLDLGTLEPITWTQHWDSGI'}
sp|P25721|ADH_DROMY	{'num_iters': 20, 'burnin': 10, 'mask': True, 'in_order': False, 'num_positions_percent': 10, 'top_k': 1, 'seed_seq': 'MVIANKNIIFVAGLGGIGFDTSREIVKSGPKNLVILDRIENPAAIAELKALNPKVIVTFYPYDVTVPVAETTKLLKIIFDKLKTVDLLINGAGILDDYQIERTIAVNFTGTVNTTTAIMSFWDKRKGGPGGVIANICSVTGFNAIYQVPVYSASKAAALSFTNSLAKLAPITGVTAYSINPGITKTTLVHKFNSWLDVEPRVAELLLEHPTQTTLQCAQNFVKAIEANQNGAIWKLDLGRLEAIEWTKHWDSHI'}
sp|P25988|ADH_SCAAL	{'num_iters': 20, 'burnin': 10, 'mask': True, 'in_order': False, 'num_positions_percent': 10, 'top_k': 1, 'seed_seq': 'MCIAGKNIIFVAGLGGIGLDTNREIVKSGPKNLVILDRIENPAAIAELQAINPNVTVSFYPYDVTVALAESVKLLKTIFAKLKTVDLLVNGAGILDDHQIERTIAVNFTGTVNTTTAIMEFWDKRKGGPGGVIANICSVTGFNSIYQVPVYSASKAAALSFTSSLARLAPITGVTVYSINPGITDTTLVHKFNSWLDVEPRVAEKLLAFPTQTSLACAKNFVRAIEANKNGAIWKLDLNRLDEIEWTKHWDSGI'}
sp|P28483|ADH_DROER	{'num_iters': 20, 'burnin': 10, 'mask': True, 'in_order': False, 'num_positions_percent': 10, 'top_k': 1, 'seed_seq': 'MAFTLTNKNVIFVAGLGGIGLDTSKELVKRDLKNLVILDRIENPAAIAELKAINPKVTVTFYPYDVTVPIAETSKLLKTIFAKLTTVDVLINGAGILDDYQIERTIAVNYTGLVNTTTAILDFWDKRKGGPGGIICNIGSVTGFNAIYQVPVYSGTKAAVVNFTSSLAKLAPITGVTAYTVNPGITRTTLVHKFNSWLDVEPQVAEKLLAHPTQTSLSCAENFVKAIELNENGAIWKLDLGTLEAIQWSKHWDSGI'}
sp|P28484|ADH_DROTE	{'num_iters': 20, 'burnin': 10, 'mask': True, 'in_order': False, 'num_positions_percent': 10, 'top_k': 1, 'seed_seq': 'MAFTLTNKNVVFVAGLGGIGLDTSKELVKRDLKNLVILDRIENPAAIAELKAINPKVTVTFYPYDVTVPIAETTKLLKTIFAQLKTIDVLINGAGILDDHQIERTIAVNYTGLVNTTTAILDFWDKRKGGPGGIICNIGSVTGFNAIYQVPVYSGTKAAVVNFTSSLAKLAPITGVTAYTVNPGITRTTLVHKFNSWLDVEPQVAEKLLAHPTQPSLACAENFVKAIELNQNGAIWKLDLGTLEAIQWSKHWDSGI'}
sp|P39462|ADH_SACS2	{'num_iters': 20, 'burnin': 10, 'mask': True, 'in_order': False, 'num_positions_percent': 10, 'top_k': 1, 'seed_seq': 'MRAVRLVEIGKPLSLQEIGVPKPKGPQVLIKVEAAGVCHSDVHMRQGRFGNLRIVEDLGVKLPVTLGHEIAGKIEEVGDEVVGYSKGDLVAVNPWQGEGNCYYCRIGEEHLCDSPRWLGINFDGAYAEYVIVPHYKYMYKLRRLNAVEAAPLTCSGITTYRAVRKASLDPTKTLLVVGAGGGLGTMAVQIAKAVSGATIIGVDVREEAVEAAKRAGADYVINASMQDPLAEIRRITESKGVDAVIDLNNSEKTLSVYPKALAKQGKYVMVGLFGADLHYHAPLITLSEIQFVGSLVGNQSDFLGIMRLAEAGKVKPMITKTMKLEEANEAIDNLENFKAIGRQVLIP'}
sp|P41680|ADH1_PERMA	{'num_iters': 20, 'burnin': 10, 'mask': True, 'in_order': False, 'num_positions_percent': 10, 'top_k': 1, 'seed_seq': 'MSTAGKVIKCKAAVLWEPHKPFSIEDIEVAPPKAHEVRIKMVATGVCRSDDHVVSRSLASPLPAVLGHEGAGIVESVGEGVTSVKPGDKVIPLFTPQCGKCRICKHPEYNLCMKNDLMQPRGTLLDGTSRFTCRGKAIHNFISTSTFSQYTVVDEMAVAKIDGASPLEKVCLIGCGFSTGYGSAVKVAKVTPGSTCAVFGLGGVGLSVIIGCKAAGAARIIAVDINKDKFAKAKELGATECINPLDYSKPIQEVLQEMTDGGVDFSFEVIGRLDTMTSSLLSCHASCGVSVIVGVPPNAQSLSVNPMSLLMGRSWKGAIFGGFKSKDSVPKLVTDFMAKKFPLEPLITHVLPFEKINEAFDLLRAGKSIRTVLTF'}
sp|P42327|ADH2_GEOSE	{'num_iters': 20, 'burnin': 10, 'mask': True, 'in_order': False, 'num_positions_percent': 10, 'top_k': 1, 'seed_seq': 'MKAAVVNEFKKALEIKEVERPKLEEGEVLVKIEACGVCHTDLHAAHGDWPIKPKLPLIPGHEGVGIVVEVAKGVKSIKVGDRVGIPWLYSACGECEYCLTGQETLCPHQLNGGYSVDGGYAEYCKAPADYVAKIPDNLDPVEVAPILCAGVTTYKALKVSGARPGEWVAIYGIGGLGHIALQYAKAMGLNVVAVDISDEKSKLAKDLGADIAINGLKEDPVKAIHDQVGGVHAAISVAVNKKAFEQAYQSVKRGGTLVVVGLPNADLPIPIFDTVLNGVSVKGSIVGTRKDMQEALDFAARGKVRPIVETAELEEINEVFERMEKGKINGRIVLKLKED'}
sp|P48584|ADH_DROBO	{'num_iters': 20, 'burnin': 10, 'mask': True, 'in_order': False, 'num_positions_percent': 10, 'top_k': 1, 'seed_seq': 'MAIANKNIIFVAGLGGIGLDTSREIVKSGPKNLVILDRIDNPTAIAELKAINPKVTVTFYPYDVTVPLAETTKLLKTIFAQLKTVDLLINGAGILDDHQIERTIAVNFTGTVNTTTAIMEFWDKRKGGPGGVVANICSVTGFNAIYQVPVYSASKAAALSFTNSLARLAPITGVTAYSINPGITRTPLVHRFNSWLDVEPRVGELLLEHPTQTTLECAQNFVKAIEANKNGAIWQLDLGQLIAVEWTKHWDSHI'}
sp|P48585|ADH_DROFL	{'num_iters': 20, 'burnin': 10, 'mask': True, 'in_order': False, 'num_positions_percent': 10, 'top_k': 1, 'seed_seq': 'MAIANKNIIFVAGLGGIGLDTSREIVKSGPKNLVILDRIDNPTAIAELKAINPKVTVTFYPYDVTVPVAETTKLLKTIFAQLKTVDLLINGAGILDDHQIERTIAVNFTGTVNTTTAIMEFWDKRKGGPGGVIANICSVTGFNAIYQVPVYSASKAAALSFTNSLARLAPITGVTAYSINPGITRTPLVHRFNSWLDVEPRVGELLLEHPTQTTLECAQNFVKAIEANKNGAIWQLDLGQLIAVEWTKHWDSHI'}
sp|P51549|ADH_DROHA	{'num_iters': 20, 'burnin': 10, 'mask': True, 'in_order': False, 'num_positions_percent': 10, 'top_k': 1, 'seed_seq': 'MVIANSNIIFVAGLGGIGLDTSREIVKSGPKNLVLLDRIDNPAAIAELKALNPKVTVTFYPYDVTVPLAETKKLLKTIFDKLKTVDLLINGAGILDDNQIERTIAVNFTGLVNTTTAILDFWDKRKGGPVGVVANICSVTGFNSIYQVPVYSASKAAALSFTTSIAKLAHITGVTAYSINPGITKTVLEHSFNSWLNVEPRVAELLLEHPTQTTLQCAQNFVKAIEANQNGAIWKLDLGRLDAIEWTKRWDSGI'}
sp|P51550|ADH_DROTS	{'num_iters': 20, 'burnin': 10, 'mask': True, 'in_order': False, 'num_positions_percent': 10, 'top_k': 1, 'seed_seq': 'MSTTLTNKNVIFVAGLGGIGLDTSKELVKRDLKNLVILDRIDNPAAIAELKAINPKVTVTFYPYDVTVPITETTKLLKTIFAKVKTVDILINGAGILDDHQIERTIAVNYTGLVNTTTAILDFWDKRKGGPGGIICNIGSVTGFNAIYQVPVYSGTKAAVVNFTSSLAKLAPITGVTAYTVNPGITRTTLVHKFNSWLDVEPLVSEKLLAHPTQPSQACAENFVKAIELNKNGAIWKLDRGTLEPIQWTKHWDSGI'}
sp|P51551|ADH_DROGR	{'num_iters': 20, 'burnin': 10, 'mask': True, 'in_order': False, 'num_positions_percent': 10, 'top_k': 1, 'seed_seq': 'MVIANSNIIFVAGLGGIGLDTSREIVKSGPKNLVVLDRVDNPAAIAELKALNPKVTITFYPYDVTVPLAETKKLLKTIFDKLKTVDLLINGAGILDDNQIERTIAVNFTGTVNTTTAILDFWDKRKGGPGGVVANICSVTGFNSIYQVPVYSASKAAALSFTTSIAKLAHITGVTAYSINPGITKTVLVHKFNSWLGVEPRVAELLLEHPTQTTLQCAQNFVKAIEANQNGAIWKLDLGRLDAIEWTKHWDSGI'}
sp|P84328|ADH_DROPB	{'num_iters': 20, 'burnin': 10, 'mask': True, 'in_order': False, 'num_positions_percent': 10, 'top_k': 1, 'seed_seq': 'MSLTNKNVVFVAGLGGIGLDTSRELVKRNLKNLVILDRIDNPAAIAELKAINPKVTITFYPYDVTVPVAETTKLLKTIFAQVKTIDVLINGAGILDDHQIERTIAVNYTGLVNTTTAILDFWDKRKGGPGGIICNIGSVTGFNAIYQVPVYSGSKAAVVNFTSSLAKLAPITGVTAYTVNPGITKTTLVHKFNSWLDVEPRVAEKLLEHPTQTSQQCAENFVKAIELNKNGAIWKLDLGTLEPITWTQHWDSGI'}
sp|P9WQC5|ADHC_MYCTU	{'num_iters': 20, 'burnin': 10, 'mask': True, 'in_order': False, 'num_positions_percent': 10, 'top_k': 1, 'seed_seq': 'MSTVAAYAAMSATEPLTKTTITRRDPGPHDVAIDIKFAGICHSDIHTVKAEWGQPNYPVVPGHEIAGVVTAVGSEVTKYRQGDRVGVGCFVDSCRECNSCTRGIEQYCKPGANFTYNSIGKDGQPTQGGYSEAIVVDENYVLRIPDVLPLDVAAPLLCAGITLYSPLRHWNAGANTRVAIIGLGGLGHMGVKLGAAMGADVTVLSQSLKKMEDGLRLGAKSYYATADPDTFRKLRGGFDLILNTVSANLDLGQYLNLLDVDGTLVELGIPEHPMAVPAFALALMRRSLAGSNIGGIAETQEMLNFCAEHGVTPEIELIEPDYINDAYERVLASDVRYRFVIDISAL'}
sp|Q00669|ADH_DROAD	{'num_iters': 20, 'burnin': 10, 'mask': True, 'in_order': False, 'num_positions_percent': 10, 'top_k': 1, 'seed_seq': 'MVIANSNIIFVAGLGGIGLDTSREIVKSGPKNLVLLDRIDNPAAIAELSALNPKVTVTFYPYDVTVPLDETKKLLKTIFDKLKTVDLLINGAGILDDNQIERTIAVNFTGTVNTTTAIMDFWDKRKGGPGGVVANICSVTGFNSIYQVPVYSASKAAALSFTTSFRKLAGITGVTAYSINPGITKTVLVHKFNSWLGVEPRVAELLLEHPTQTTLQCGQNFVKAIEANQNGAIWKLDLGRLDAIEWTKHWDSGI'}
sp|Q00670|ADH_SCACA	{'num_iters': 20, 'burnin': 10, 'mask': True, 'in_order': False, 'num_positions_percent': 10, 'top_k': 1, 'seed_seq': 'MFIAGKNIIFVAGLGGIGLETSREIVKSGPKNLVILDRAPNPAAIAELQALNPKVTVSFYLYDVTVPQSETVKLLKTIFAKLKTIDLLINGAGILDDHQIERTIAVNFTGTVNTTTAIMEFWDKRKGGPGGVVANICSVTGFNSIYQVPVYSASKAAALSFTSSIAKLATITGVTVYSINPGITDTTLVHKFNSWLDVEPHVAEKLLAFPTQTSLACAKNFVKAIEANKNGAIWKLDLGRLDEIEWTKHWDSGI'}
sp|Q00671|ADH_DROMM	{'num_iters': 20, 'burnin': 10, 'mask': True, 'in_order': False, 'num_positions_percent': 10, 'top_k': 1, 'seed_seq': 'MVIANSNIIFVAGLGGIGLDTSREIVKSGPKNLVLLDRIDNPAAIAELSALNPKVTVTFYPYDVTVPLAETKKLLKTIFDKLKTVDLLINGAGILDDHQIERTIAVNFTGTVNTTTAIMDFWDKRNGGPGGVIANICSVTGFNSIYQVPVYSASKAAALSFTNSLARLASVTGVTAYSINPGITKTVLVHKFNSWLNVEPRVAELLLEHPTQTTVQCAQNFVKAIEANQNGAIWKLDLGRLDPIEWTKHWDSGI'}
sp|Q00672|ADH_DRONI	{'num_iters': 20, 'burnin': 10, 'mask': True, 'in_order': False, 'num_positions_percent': 10, 'top_k': 1, 'seed_seq': 'MVIANSNIIFVAGLGGIGLDTSREIVKSGPKNLVLLDRIDNPAAINELRALNPKVTVTFYSYDVTVPLAETKKLLKTIFDKLKTVDLLINGAGILDDHQIERTIAVNFTGTVNTTTAIMDFWDKRKGGPGGIVANICSVTGFNSIYQVPVYSASKAAALSFTGSIAKLAPITGVTAYSINPGITKTVLVHKFNSWLNVEPRVAELLLDHPTQTTVQCAQNFVKAIEANENGAIWQLDLGRLEAIEWTKHWDSRI'}
sp|Q03384|ADH_DROSU	{'num_iters': 20, 'burnin': 10, 'mask': True, 'in_order': False, 'num_positions_percent': 10, 'top_k': 1, 'seed_seq': 'MSLTNKNVVFVAGLGGIGLDTSRELVKRDLKNLVILDRIDNAAAIAELKAINPKVTVTFYPYDVTVPVAETTKLLKTIFAQIKTIDVLINGAGILDDHQIERTIAVNYSGLVNTTTAILDFWDKRKGGPGGIICNIGSVTGFNAIYQVPVYSGSKAAVVNFTSSLAKLAPITGVTAYTVNPGITKTTLVHKFNSWLDVEPRVAEKLLEHPTQTSQQCAENFVKAIELNKNGAIWKLDLGTLESITWTKHWDSGI'}
sp|Q07588|ADH_DROIM	{'num_iters': 20, 'burnin': 10, 'mask': True, 'in_order': False, 'num_positions_percent': 10, 'top_k': 1, 'seed_seq': 'MAIANKNIIFVAGLGGIGLDTSKGIVKAGPKNLVILDRIENPAAIAELKAINPKVTVTFYPYDVTVPLAETKKLLTTIFAKLKTVDLLINGAGILNDHQIELTIAINFTGLVNTTTAIMDFWDKRKGGPGGAIANICSVTGFNAIYQVPVYSASKAAVVSFTSSLAKLAPITGVIAYSINPGITKTTLVHKFNSWLDVEPRVAELLDEHPTQTTTQCSQNFVKAIEANQNGAIWKLDLGRLDAVNWTKHWDSGI'}
sp|Q09009|ADH_DROGU	{'num_iters': 20, 'burnin': 10, 'mask': True, 'in_order': False, 'num_positions_percent': 10, 'top_k': 1, 'seed_seq': 'MSLTNKNVVFVAGLGGIGLDTSRELVKRDLKNLVILDRIDNPAAIAELKAVNPKVTVTFYPYDVTVPVAETTKLLKTIFAQIKTIDVLINGAGILDDHQIERTIAVNYTGLVNTTTAILDFWDKRKGGPGGIICNIGSVTGFNAIYQVPVYSGSKAAVVNFTSSLAKLAPITGVTAYTVNPGITKTTLVHKFNSWLDVEPRVAEKLLEHPTQTSQQCAENFVKAIELNKNGAIWKLDLGTLEPITWTKHWDSGI'}
sp|Q09010|ADH_DROMD	{'num_iters': 20, 'burnin': 10, 'mask': True, 'in_order': False, 'num_positions_percent': 10, 'top_k': 1, 'seed_seq': 'MSLTNKNVVFVAGLGGIGLDTSRELVKRDLKNLVILDRIDNPAAIAELKAINPKVTVTFYPYDVTVPVAETTKLLKTIFAQIKTIDVLINGAGILDDHQIERTIAVNYTGLVNTTTAILDFWDKRKGGPGGIICNIGSVTGFNAIYQVPVYSGSKAAVVNFTSSLAKLAPITGVTAYTVNPGITKTTLVHKFNSWLDVEPRVAEKLLEHPTQTSQQCAENFVKAIELNKNGAIWKLDLGTLESITWTKHWDSGI'}
sp|Q24641|ADH_DROSI	{'num_iters': 20, 'burnin': 10, 'mask': True, 'in_order': False, 'num_positions_percent': 10, 'top_k': 1, 'seed_seq': 'MAFTLTNKNVIFVAGLGGIGLDTSKELLKRDLKNLVILDRIENPAAIAELKAINPKVTVTFYPYDVTVPIAETTKLLKTIFAKLKTVDVLINGAGILDDHQIERTIAVNYTGLVNTTTAILDFWDKRKGGPGGIICNIGSVTGFNAIYQVPVYSGTKAAVVNFTSSLAKLAPITGVTAYTVNPGITRTTLVHKFNSWLDVEPQVAEKLLAHPTQPSLACAENFVKAIELNQNGAIWKLDLGTLEAIQWTKHWDSGI'}
sp|Q27404|ADH_DROLA	{'num_iters': 20, 'burnin': 10, 'mask': True, 'in_order': False, 'num_positions_percent': 10, 'top_k': 1, 'seed_seq': 'MAIANKNIIFVAGLGGIGLDTSREIVKSGPKNLVILDRIDNPTAIAELKAINPKVTVTFYPYDVTVPVAETTKLLKTIFAQLKTVDLLINGAGILDDHQIERTIAVNFTGTVNTTTAIMEFWDKRKGGPGGVVANICSVTGFNAIYQVPVYSASKAAALSFTNSLARLAPITGVTAYSINPGITRTPLVHKFNSWLDVEPRVGELLLEHPTQTTLECAQNFVKAIEANKNGAIWQLDLGQLIAVEWTKHWDSHI'}
tr|Q3L0C4|Q3L0C4_DROYA	{'num_iters': 20, 'burnin': 10, 'mask': True, 'in_order': False, 'num_positions_percent': 10, 'top_k': 1, 'seed_seq': 'AGLGGIGLDTSKELVKRDLKNLVILDRIENPAAIAELKAINPKVTVTFYPYDVTVPIAETTKLLKTIFAQLKTIDVLINGAGILDDHQIERTIAVNYTGLVNTTTAILDFWDKRKGGPGGIICNIGSVTGFNAIYQVPVYSGTKAAVVNFTSSLAKLAPITGVTAYTVNPGITRTTLVHKFNSWLDVEPQVAEKLLAHPTQPSLACAQNF'}
tr|Q4V813|Q4V813_XENLA	{'num_iters': 20, 'burnin': 10, 'mask': True, 'in_order': False, 'num_positions_percent': 10, 'top_k': 1, 'seed_seq': 'METAGKVIKCKAAVAWEAGKPLSMEEVEVAPPKAHEVRIKIVSTAVCHTDAYTLSGADPEGCFPVILGHEGAGIVESVGEGVTRVKPGDKVIPLYIPQCGECKFCLNPKTNLCQKIRITQGKGFMPDGTSRFTCKGQQIFHFMGTSTFSEYTVVADISVAKIEDSAPLDKVCLLGCGISTGYGAVINTAKVEPGSTCAVFGLGGVGLAVIMGCKVAGATRIIGIDLNKDKFAKATEFGATECLNPADFNKPIQDVLIDMTDGGVDYSFECIGNVRVMRSALEACHKGWGTSVIVGVAASGQEIATRPFQLVTGRVWKGTAFGGWKSVDSVPKLVSEYMAKKIKVDEFVTHTLPFDSINEAFELMHAGKSIRSVLNY'}
sp|Q50L96|ADH_DROAN	{'num_iters': 20, 'burnin': 10, 'mask': True, 'in_order': False, 'num_positions_percent': 10, 'top_k': 1, 'seed_seq': 'MALSLTNKNVVFVAGLGGIGLDTTKELLKRDLKNLVILDRIDNPVVIAELKTINPKVTVTFIPYDVTVPITETKKLLKTIFDKLKTVDILINGAGILDDHQIERTIAVNYTGLVNTTTAILDFWDKRKGGPGGIICNIGSVTGFNAIYQVPVYSGTKAAVVNFTSSLAKLAPITGVTAYTVNPGITRTTLVHKFNSWLDVEPQVAEKLLAHPTQSSQACGENFVKAIELNQNGAIWKLDRGTLEAIQWSKHWDSGI'}
tr|Q5HZT1|Q5HZT1_XENTR	{'num_iters': 20, 'burnin': 10, 'mask': True, 'in_order': False, 'num_positions_percent': 10, 'top_k': 1, 'seed_seq': 'METAGKVVKCKAAVAWEAGKPLSIEEVEVAPPKAHEVRIKIVSTAVCHTDAYTLSGADPEGCFPVILGHEGAGIVESVGEGVTRVKPGDKVIPLYIPQCGECKFCLNPKTNLCQKIRITQGKGFMPDGSSRFTCKGQQIFHFMGTSTFSEYTVVADISVAKIDDSAPLDKVCLLGCGISTGYGAVINTAKVEPGSTCAVFGLGGVGLAVIMGCKVAGATRIIGIDLNKDKFVKATEFGATDCLNPADFKKPIQDVLIEMTDGGVDYSFECIGNVGVMRAALEACHKGWGTSVIVGVAASGQEIATRPFQLVTGRVWKGTAFGGWKSVDSVPKLVSEYMAKKIKVDEFVTHTLPFNSINEAFELMHAGKSIRGVLNY'}
sp|Q6LCE4|ADH_DROPS	{'num_iters': 20, 'burnin': 10, 'mask': True, 'in_order': False, 'num_positions_percent': 10, 'top_k': 1, 'seed_seq': 'MSLTNKNVVFVAGLGGIGLDTSRELVKRNLKNLVILDRIDNPAAIAELKAINPKVTITFYPYDVTVPVAETTKLLKTIFAQVKTIDVLINGAGILDDHQIERTIAVNYTGLVNTTTAILDFWDKRKGGPGGIICNIGSVTGFNAIYQVPVYSGSKAAVVNFTSSLAKLAPITGVTAYTVNPGITKTTLVHKFNSWLDVEPRVAEKLLEHPTQTSQQCAENFVKAIELNKNGAIWKLDLGTLEPITWTQHWDSGI'}
tr|Q8DWE2|Q8DWE2_STRMU	{'num_iters': 20, 'burnin': 10, 'mask': True, 'in_order': False, 'num_positions_percent': 10, 'top_k': 1, 'seed_seq': 'MNTIKTRAAVAWAPNEPLKIEELDLMMPQKGEVMVHITATGVCHTDAYTLSGKDAEGVFPCVLGHEGAGIVEAVGEGVTEFQVGDHVIPLYTAECGKCEFCLSGKTNLCSAVRETQGRGVMPDGTVRFFKDGQPIYHYMGTSTFAEHTVVSEYSLVKIQDNAPLEEVCLLGCGVTTGMGAVLNTAKVEEGATVAIFGLGGIGLAAIIGARMAKASRIIAIDINPDKFDKARKLGATDLVNPNNHAKPIQEVIIDITNGGVDYSFECIGNVEVMRAALECCHKGWGESTIIGVAPAGAEIHTRPFQLVTGRVWRGSAFGGVKGKTQLPGIVGQYMAGEFALSDFITHTMPLEQINDAFDLMHEGKSIRTVIHY'}
sp|Q9P6C8|ADH1_NEUCR	{'num_iters': 20, 'burnin': 10, 'mask': True, 'in_order': False, 'num_positions_percent': 10, 'top_k': 1, 'seed_seq': 'MPQFEIPEQQWAQVVEKKGGPVVFKQIPVQKPGPDEVLINVKYSGVCHTDLHAMKGDWPLATKMPLVGGHEGAGVVVAKGELVTEVEVGDHAGIKWLNGSCLACSFCMQADEPLCPHALLSGYTVDGSFQQYAIAKAAHVAKIPKGCDLETTAPVLCAGITVYKGLKESGVRPGQCVAIVGAGGGLGSMAIQYANAMGLHAIAIDGGEEKGKNCRELGAQAYVDFTTTKDLVADVKAATPDGLGPHAVILLAVSEKPFHQAVDYVRSRGTIICIGLPAGAKFQAPVFDTVIRMITIKGSYVGNRQDTQEALDFFARGLIKVPIKTVGLSKLQEVYDLMEEGKIVGRYVVDTSK'}
tr|A0A011PMH5|A0A011PMH5_9PROT	{'num_iters': 20, 'burnin': 10, 'mask': True, 'in_order': False, 'num_positions_percent': 10, 'top_k': 1, 'seed_seq': 'MKAMILNAPGEALKFTELPRPVPAADQILLEVRACGVCRTDLHVLDGELRHPRLPLILGHEIVGIVVEKGANVQAFALGQRVGVPWLGHSCGRCRYCAGGAENLCDAAEFTGYTLDGGYAEFALADQGYCFSLPEQYSDAEAAPLLCAGLIGYRALVAAGEGRRLGIYGFGAAAHIIAQVACWQGREVFAFTKPGDVAGQEFARQLGARWAGGADQAPPQEMDAAIIFAPVGELVPQALRHTAKGGTVVCAGIHMSNIPEFPYTLLWGERCLRSIANLTRRDGEDFFAIAPRAGVRTEVSCFPLDAANEALQQLRDGRIRAAAVLIPEQNAARQKL'}
